,namaproduk,harga,penjual,kotatoko,terjual,rating
0,"[HARGA SPESIAL] Paket BM 3: 1 Seblak + 1 Cuankie + 1 Basreng Bebas Pilih Rasa | Original, Rendang, Kare, Ayam Bawang, Limau, Pedas",55000,Rasa Juara Indonesia,Kab. Bandung,40,5.0
1,Buku Komik Next G vol. 664: Tragedi Seblak | Muffin Graphics,34319,Mizanstore.id,Depok,50,4.8
2,"[HARGA SPESIAL] Paket BM 1: 2 Seblak + 1 Cuankie Juara Bebas Pilih Rasa | Original, Rendang, Kare, Ayam Bawang, Limau, Pedas",65000,Rasa Juara Indonesia,Kab. Bandung,70,4.8
3,"Rasa Juara Praktis 1 Pcs (Seblak, Cuankie, Batagor Kuah)",18000,Rasa Juara Indonesia,Kab. Bandung,250,4.7
4,"[HARGA SPESIAL] Paket BM 2: 2 Cuankie + 1 Seblak Juara Bebas Pilih Rasa | Original, Rendang, Kare, Ayam Bawang, Limau, Pedas",65000,Rasa Juara Indonesia,Kab. Bandung,60,4.3
5,SUBRON Panci Masak Paket 8IN1 14CM 17CM 6pcs Sendok Stainless Tebal Panas Merata Tahan Lama Murah Multifungsi Masak Seafood Mie Instan Saus Capcay Oatmeal Sarden Seblak Rebus,65000,SUBRON KITCHENWARE,Kab. Bandung,2,4.0
6,INDOMIE MIE KUAH INSTANT RASA SEBLAK HOT JELETOT 75 GR,3300,Hypermart Metropolis,Tangerang,19,5.0
7,INDOMIE MI INSTANT RASA SEBLAK HOT JELET,3410,Hypermart Bengkulu,Bengkulu,100,5.0
8,INDOMIE MI INSTANT RASA SEBLAK HOT JELETOT 75G,3200,Foodmart Basko Padang,Padang,100,5.0
9,Seblak Kuah Instan Ibro Bandung,28600,Pisang Goreng Madu Bu Nanik,Jakarta Barat,250,5.0
10,CAP IBU Bumbu Seblak Bandung - Bumbu Masak Instan Premium,65000,Cap Ibu Shop,Jakarta Timur,250,5.0
11,Seblak Krupuk Kering (Sebring) Pedas 1 Kg (kukarasa snack),49999,KUKARASA SNACK,Kab. Tasikmalaya,13,5.0
12,Kylafood Seblak Rempah autentik 1 dus (24 pcs),300000,Kylafood,Bandung,40,5.0
13,(250 gram) Bumbu Tabur Premium Bubuk Tabur Keripik Tahu Kentang Seblak Makaroni Ayam Penyedap Rasa,58900,Mamacia Treats,Surabaya,16,5.0
16,Cuanki instan by khalisa food paket ecer pedas ayam kuah  seblak,9000,Khalisa Food Official,Kab. Garut,5,5.0
19,Seblak Seasoning (Bumbu Seblak)  - Cairo Food,32400,Cairo Food,Jakarta Timur,70,5.0
24,Mie Seblak Geprek Sami Raos,39000,Kartika Sari Bakery,Bandung,100,5.0
60,Bumbu Seblak Seasoning - Cairo Food 100 gr,54400,Cairo Food,Jakarta Timur,12,5.0
63,Kylafood Paket 2 Seblak Cup + 2 Seblak Rempah + Basreng Pedas + Basreng Ori Daun Jeruk,82000,Kylafood,Bandung,30,4.9
64,Kylafood Paket Seblak Cup isi 8 pcs Makanan Instan Pedas,123000,Kylafood,Bandung,250,4.9
65,Krupuk Seblak MangAde Kemasan 50 gram Food Snacks Pedas Camilan,6000,Macaroni Mangade,Malang,100,4.9
66,PAKET RESELLER WELCOME Kylafood Paket Seblak Rempah Autentik 10 Pack,119700,Kylafood,Bandung,1000,4.9
68,100gr BUMBU MIE JEBEW / BUMBU BASO / BUMBU SEBLAK da’seuhah By FAHDA FOOD free atom bulan,14989,FAHDA FOOD,Kab. Garut,1000,4.9
69,Kylafood Paket 4 Seblak Cup  + 1 Basreng pedas + 1 Seblak Autentik (Free),89550,Kylafood,Bandung,50,4.9
70,Kylafood Paket isi 5 Seblak Rempah Autentik,58860,Kylafood,Bandung,10000,4.9
71,Kylafood Paket 2 Seblak Cup instan Pedas + 3 Seblak Rempah Autentik,64809,Kylafood,Bandung,1000,4.9
72,Kylafood Seblak Rempah Autentik isi (10pcs),115920,Kylafood,Bandung,250,4.9
74,SEBLAK BETON CHILLI OIL MIX 250gram,14990,FAHDA FOOD,Kab. Garut,100,4.8
75,Bumbu Tabur Premium Bubuk Tabur Keripik Tahu Kentang Seblak Makaroni Ayam Penyedap Rasa 50gram,8250,Mamacia Treats,Surabaya,100,4.8
76,Kylafood Seblak Rempah Autentik isi (5pcs),57960,Kylafood,Bandung,750,4.8
77,1KG SEBLAK KRUPUK RAFAEL VIRAL Kerupuk Pedas,13500,CEMILANKU KAYA BUMBU,Kab.Ciamis,250,4.8
79,Kylafood Paket Seblak Cup isi 10 PCS Instan Pedas,150000,Kylafood,Bandung,250,4.8
130,1KG KERUPUK SEBLAK JENGKOL PEDAS,60000,CEMILANKU KAYA BUMBU,Kab.Ciamis,80,4.8
131,"Kylafood Paket (Seblak Cup, Seblak Rempah, Basreng Pedas, Basreng Ori)",60000,Kylafood,Bandung,30,4.8
133,Seblak Juara - Seblak Instan Asli Bandung | Otentik & Higienis,22000,Rasa Juara Indonesia,Kab. Bandung,2000,4.8
134,500GR SEBLAK KRUPUK RAFAEL VIRAL,40000,CEMILANKU KAYA BUMBU,Kab.Ciamis,100,4.8
135,Kylafood Paket 2 Seblak Cup + 4 Seblak Autentik Instan Pedas,76500,Kylafood,Bandung,100,4.8
136,Kylafood Seblak Cup isi 1 pcs Jajanan instan,14449,Kylafood,Bandung,10000,4.8
137,Mama Fuji - SEBLAK INSTAN Food Noodles,31678,Mama Fuji Real,Tangerang,2000,4.8
138,500GR SEBLAK KERUPUK BETON DAUN JERUK Cemilan Pedas Food Camilan,25000,CEMILANKU KAYA BUMBU,Kab.Ciamis,2000,4.8
139,Kylafood Paket 2 Seblak Cup + 2 Basreng pedas,55918,Kylafood,Bandung,70,4.8
